,曲名,歌詞
0,愛を知るまでは,いざ、手のなる方へと導いたのは　誰でもない自分自身なのに自信がないよ　笑っちゃうなもたついている空気が抜けたままの身体走れど走れど続く人生という名の死ぬまでのエピソードは軽いままの身体では吹き飛ばされてすぐに終わってしまうなあー、誰にもないものを持っていたいのになぁ無理矢理に抱きしめてた心を今解いて優しい心を持ちたいのだけれど時にはがむしゃらに怒って涙は真に受け止める愛を知るまでは死ねない私なのだ！導かれた運命辿って今日も明日も生きて行こう目の前に見えた星は幾千年の輝きを失いそう夢で終わる夢ならば見なくていいと　自分に言い聞かせたあー、まだ咲ききれない花のような毎日だなぁ無茶苦茶に走り続けた身体を今休めて交わることのない誰かと巡り合い無限に広がる雲に乗って見たことのない虹を見たい愛を知るまでは死ねない私なのだ！導かれる運命頼って今日も明日も生きて行こうあー、誰にもないものを持っていたいのになぁ無理矢理に抱きしめてた心を今解いて優しい心を持ちたいのだけれど時にはがむしゃらに怒って涙は真に受け止める愛を知るまでは死ねない私なのだ！導かれた運命辿って今日も明日も生きて行こう
0,愛を伝えたいだとか,健康的な朝だなこんな時に君の“愛してる”が聞きたいや揺れるカーテン少し浮いた前髪もすべて心地いいさそれに割れてしまった目玉焼きついてないなあバランスをとっても溢れちゃうや少し辛くて　少し酸っぱくて甘ったるかったりさとりあえず今日はバラの花に願い込めてさ馬鹿な夢で踊ろう愛を伝えたいだとか臭いことばっか考えて待っててもだんだんソファに沈んでいくだけ僕が明日良い男になるわけでもないからさ焦らずにいるよ今日は日が落ちる頃に会えるの？“完璧な男になんて惹かれない”と君が笑ってたから悔しいや腐るほどに話したいこと沢山あるのにな寂しいさ結局のところ君はさどうしたいの？まじで僕に愛される気あんの？雫が落ちてる窓際目の際お気に入りの花とりあえず今日は部屋の明かり早めに消してさどうでもいい夢を見よう明日は2人で過ごしたいなんて考えていてもドアは開かないしだんだんおセンチになるだけだ僕は愛が何だとか言うわけでもないけどただ切ないと言えばキリがないくらいなんだもう嫌だろうそく炊いてバカでかいケーキがあっても君が食いつくわけでもないだろう情けないずるい事ばかりを考えてしまう今日はバラの花もないよ汚れてるシャツに履き慣れたジーパンで愛を伝えたいだとか臭いことばっか考えて待っててもだんだんソファに沈んでいくだけ僕が明日良い男になるわけでもないからさ焦らずにいるよ今日は日が落ちる頃に会えるの？
0,葵,きっと僕たちが想像した未来は幼い頃見つけた石ころみたいに丸っこくて変な傷跡なんかもなくてさ平和っていう漢字の通りなんだって思っていた肝心な凡人は夢を追って島を出た胸に夢って書いて飛び出したあの大海原へ変に泣いたって空気が濁るからさじゃあねって言う　またねって言う石ころを空に投げた巨大な力で潰されそうな孤独には　その毒には独特の世界を呼び起こす魔法があるよサヨナラ　いつかの少年の影よまた会おうな　まだただいま言える場所はとっておくぜこの大空の青さを瞳のパレットに潜らせて　包み込んで涙さえも味方にきっと僕たちが創造した未来はガラスの靴や魔女が飛び交う絵本のような物語変な理由もなくそう信じていたんだヘイ　ベイビー！なんておどけて笑い汗かいて大人になった知らない間に潰されそうな幸せや野に芽吹く花がどうか最期まで咲きますように全てを光らせサヨナラ　あの日の少年の夢よまた会おうか　まだただいま言えるくらいの余裕はあるだろ？この大空の青さを心のオアシスにして泳いで　潜り込んでまた帰っておいでだから今はサヨナラ　少年の影よまた会おうな　まだただいま言える場所はとっておくぜこの大空の青さを瞳のパレットに潜らせて　包み込んで涙さえも味方に
0,憧れてきたんだ,私が知ってるロックスターなら数年前に墓の中掘り起こせ掘り起こそうギターをまた握らせてやろう私の知ってるシンガーソングライター数年前にメジャーを辞めた歌うこと歌うことまだ続けていてくれよお願いだ憧れて憧れて憧れてきたんだあなた達が奏でた音で私は変わったんだ私が知ってるスーパーエンターテイナー数年前から姿を見ないどこにいる？どこにいる？あの笑いをもう一度くれよ私が知ってるナイスガイなアクター数年前にブタ箱ん中出てこいよ出てこいよ最高だったとこ見せてやれよ憧れて憧れて憧れてきたんだあなた達が魅せた芸術で私が変わったんだ憧れて憧れて憧れてきたんだあなた達が奏でた音であなた達が魅せた芸術で私は変わったんだ
0,朝陽,「今日はちょっと早いかもゴメン」なんて言われましても私遅かれ早かれ後悔するから何でもいいよ　もう何でもどうでもいいよ　もうどうでもズタズタになってボロボロになってどっかの公園の隅にでも捨てて下さい愛されたい　愛されてみたい愛されて　愛してみたい「終電逃して何のつもり？」って聞かれた恥ずかしさ期待してないなんて言えないしというか分かってよ　もう分かってよどうでもいいよ　もうどうでもそうやっていっつも傷つけるんだどっかの誰かさんはそうやって　また明日傷つけて　気づかないで傷ついて　キスせがんでダメね　こんな私ではダメね乾電池みたいな女だよそれは自覚しているし度胸もない　包み込んでくれる故郷もない今日もいない　どうしようもないどうでもいいよ　もうどうでもズタズタになってボロボロになった心のシュレッダーの刃はもうガタガタだ愛されたい　愛されてみたい愛されて　愛してみたい愛されてみたいだけの欲望ならどんなときも貴方の事が好きだったいや今でも好きです好きです　好きです　好き気持ちの悪い自分を殴りたい少し痛い大切なとこ心臓あそこ　どこ　そこ　それが痛むの嫌いじゃない痛みダメね　こんな私ではダメね始発待ちベンチどっちの方向かも分からぬままにただまだ逢いたい痛い痛い痛いあの感触をまだ確かめて痛い愛されたい　愛されてみたい愛されて　愛してみたい傷つけて　気づかないで傷ついて　キスせがんで愛されたい　愛されてみたい愛されて　愛してみたい愛されてみたいだけの欲望ならどんなときも
0,あした世界が終わるとしても,今日も生きているのです僕は僕の守り方をようやく知ったのです退屈な現状それと愛情感情、どうしよういつまでたっても定まらないよ僕は僕なのになぁ大切な人も恋も愛も性も、どうしよういつまでたっても守りきれないよいつかは消えてしまうやはり僕は1人では抱えきれないものばかりで強くなれない身体に強さを求めてこの頼りない翼広げて迎えに来たんだよ会いに来たんだよ今はまだ飛べない鳥だけど最低でも、君だけは守れるように最低でも、君だけは守れるように憂鬱なモーニングそれとスローに変わり始めたいつまでたっても笑えないなぁ世界が腐りそうなんだ悲しい物語なんて幼い頃に聞き飽きたよ優しい誰かの囁きで涙が出た 今もう隠せない何かを抱え迎えに行くんだよ会いに行くんだよ今はまだ伝えられないけど最悪でも、僕だけはここにいるから最悪でも、僕だけはここにいるから失うものが君だとしたら僕が世界のどこかに君だけの居場所をつくってあげる失うものが僕だとしたら僕が君を守れたという証拠になるでしょうこの頼りない翼広げて迎えに来たんだよ会いに来たんだよ今はまだ飛べない鳥だけど最低でも、君だけは守れるようにもう隠せない何かを抱え迎えに行くんだよ会いに行くんだよ今はまだ伝えられないけど最悪でも、僕だけはここにいるから最悪でも、僕だけはここにいるから今日も生きているのです僕は僕の守り方を知りましたそして君の側にいると決めました
0,貴方解剖純愛歌 ～死ね～,あなたの両腕を切り落として　私の腰に巻き付ければあなたはもう二度と　他の女を抱けないわあなたの両目をくり抜いて　私のポッケに入れたならあなたの最後の記憶は　私であるはずよね逃さないよ　離さないよ　私だけのあなたになるの今すぐ部屋においでねえ？　どうしてそばに来てくれないの死ね。　私を好きじゃないのならばあなたの心臓をえぐりとって　私のネックレスにしたなら私が眠るその時まで　あなたを感じられるどこに行くの　行かせないよ　私だけが隣にいたいのいいから部屋においでねえ？　どうして私から逃げ出すの死ね。　あなたを愛しているのに誰にもあげない　触れさせやしないあなたがもしも他の人と手を繋いでるのを見たら指を喰いちぎるわ足を引き裂き　歩かせやしない唇を縫い　私だけのキスを味わえばいいのねえ？　私はどこかおかしいですか好きすぎて　あなたが欲しすぎてねえ？　どうしてそばに来てくれないの死ね。　私を好きじゃないのならば
0,あなたのために,あなたのためについた嘘あなたのために変えた過去あなたのために泣いた夜あなたのために悩んだ今日あなたのために　作ったチョコあなたのために待った時間あなたのために笑った朝あなたのために願った明日手を振って別れてまるでまた今度すぐ会うみたいに風が強く吹くたびに邪魔くさいものあなたのためにのばした髪は今では傷んで枝分かれて今週末切ろうと思うのもう誰のものでもないわたしあなたはきっと分かってたわたしの重さに気づいてた時々わたしも気づいてたあなたのうんざり伝わってた腕を掴んで　首振ってまるで駄々をこねる子どもみたいに涙と絡まって邪魔くさいものあなたのために覚えたメイク今では枯れた砂漠のように涙流しても乾いてしまうもう誰にも求められないわいい加減に忘れて早くこの匂いにも慣れたい嫌いと投げた携帯には好きとしか書いてないのになあなたのためにのばした髪は今では傷んで枝分かれて今週末切ろうと思うのもう誰のものでもないわたしもう誰のものでもないわたしあなたのためについた嘘はわたしのため
0,いいことしましょ,あなたを部屋に連れ込んでいいことしましょ　いいことしましょあなたが部屋に来る前に片付けをしてスペースを作るあなたが部屋に来る時は母がきまって顔をしかめる大丈夫心配ないわ静かにしてるから優しい愛で　この膨らみに触れてかすかな吐息で　聞こえないようにあなたを部屋に呼ぶことは何を意味する　わかってるでしょあなたこそ期待してるじゃん隠しても気持ち膨れ上がってるすべらせるその手で　私を惑わせて音を立てぬように　気づかれないように半分とじた目で　あの丘をこえたいの一人じゃいけないわ　ほら　ここに来て優しい愛で　この膨らみに触れてかすかな吐息で　聞こえないようにすべらせるその手で　私を惑わせて音を立てぬように　気づかれないようにあなたを部屋に連れ込んでいいことしましょ　いいことしましょ
0,生きていたんだよな,二日前このへんで飛び降り自殺した人のニュースが流れてきた血まみれセーラー　濡れ衣センコーたちまちここらはネットの餌食「危ないですから離れてください」そのセリフが集合の合図なのにな馬鹿騒ぎした奴らがアホみたいに撮りまくった冷たいアスファルトに流れるあの血の何とも言えない赤さが綺麗で　綺麗で泣いてしまったんだ泣いてしまったんだ何にも知らないブラウン管の外側で生きて生きて生きて生きて生きて生きて生きて生きていたんだよな最後のサヨナラは他の誰でもなく自分に叫んだんだろう彼女が最後に流した涙生きた証の赤い血は何も知らない大人たちに二秒で拭き取られてしまう立ち入り禁止の黄色いテープ「ドラマでしかみたことなーい」そんな言葉が飛び交う中でいま彼女はいったい何を思っているんだろう遠くで　遠くで泣きたくなったんだ泣きたくなったんだ長いはずの一日がもう暮れる生きて生きて生きて生きて生きて生きて生きて生きていたんだよな新しい何かが始まる時消えたくなっちゃうのかな「今ある命を精一杯生きなさい」なんて綺麗事だな。精一杯勇気を振り絞って彼女は空を飛んだ鳥になって　雲をつかんで風になって　遥遠くへ希望を抱いて飛んだ生きて生きて生きて生きて生きて生きて生きて生きていたんだよな新しい何かが始まる時消えたくなっちゃうのかな生きて生きて生きて生きて生きて生きて生きて生きていたんだよな最後のサヨナラは他の誰でもなく自分に叫んだんだろうサヨナラ　サヨナラ
0,いつまでも,「死んだ友達がさぁ」って語れば売れんのか？結局この世の表現ってのは同情だけで成り立ってんのかなあ「本気でやってんだ」って叫んでも結果がなきゃ大人は見捨てる結局腐りやすい生物でしかないから生き急ぐ21どれだけ最低でどれだけ最悪な生き方でもいい死んだ後に天才だったなんて死んでも言われたくないもんな「昔は貧乏でさぁ」って話せば泣けんのか？結局この世の表現ってのは同情だけで成り立ってんのかなあそれなりの生活やありきたりなごまかし方で今を生きるクソみたいな歌だと貶してくれよまだまだ燃えていたいんだどれだけ最低でどれだけ最悪な生き方でもいい死んだ後に天才だったなんて死んでも言われたくないもんなそうだよなそうなんだまだまだ燃えていたいんだ
0,お互い様やん,どこみてんの胸の谷間なら私にくらいあるわいつかくらわす　平手打ち何やってんのあの店員に　私のことほっといてマジでムカつく　先帰るそれでへらへら謝ってきて許しちゃう私も　なんか嫌お互い様やんそれ　お互い様やんお互い結局めっちゃ　好きなんやんあきれるよお前の買い物の長さは一日じゃ足りない俺ってついてくる　意味あるの？ケンカしたらしたで　すぐに無視をする面倒なやつマジでムカつく　今日は帰るそれでミテみてこれ見てって顔見るとなんだか　許しちゃうのが嫌お互い様やんそれ　お互い様やんお互い結局めっちゃ　好きなんやんそれでは  お幸せにっ
0,おっぱい,お母さん　お母さんいつになったら私はおっぱいが大きくなるのかな？教えてよお父さん　お父さんどうして最近一緒にお風呂に入ってくれないの？教えてよ男子が話をしているのあの子はでかいとか　小さいとかなぜだろ少し前かがむ意識してないふりして意識する揺れるたびに　オトナになり揺れるたびに　オンナになる揺れるたびに　変わってゆく揺れるたびに　愛おしくてお母さん　お母さん何これ？スポブラ？蒸れるし透けるしいらないよこれいらないお父さん　お父さんごめん何故だか一緒にお風呂には入りたくない不思議だなみるみるうちに　膨らんでまさか破裂しちゃうんじゃないかって心配で私心配でだけど悪い気はしない揺れるたびに　胸が痛い揺れるたびに　視線が痛い揺れるたびに　変わってゆく揺れるたびに　愛おしくていつの間にか　A　B　C　D.....変なあだ名がついちゃったり女子たちの最終兵器邪魔だし嫌いな時もあるけれど揺れるたびに　あの人見て揺れるたびに　あの人見る揺れるんじゃなくて揺らしてみる揺れるたびにあの人は見ている揺れるたびに　オトナになり揺れるたびに　オンナになる揺れるたびに　変わってゆく揺れるたびに　愛おしくて愛おしくて
0,風のささやき,このまま朝が来なけりゃいいのにうずくまってる真っ暗な布団の中でまたあいつとあいつをぶん殴ってやったそれでも変わらない生活に一生のお願いとか使えたならこの先を僕じゃない誰かに変えて適当に買ったコンパス眺めるだけの時間聞いたことのない名前のタバコをふかす散歩に行くのも命がけだなああ今日は泣いてみようかな風のささやき　耳障りだ僕のことなんも知らないくせにふざけんなティファニーブルーの空の下追い続けている馬鹿な夢手に届きそうで届かないなあいつの日も夢はあるかあるかと問う髭もじゃがいるし邪魔くさくても触れる事ができない現実があってタイムカードはこんなに真っ黒に埋まってんのに今日もポケットの中は紙クズ銅メダル真面目なふりしたドクター聞き飽きた台詞ばかり震えそうな手を握りしつこく僕に言う「何かあればまたおいでよ」結局そんなもんなんだな雲は流れる　足早にね僕のことまるで知ってるように笑うなよ頑張れなんて言うなよクソが死に物狂いで生きてんだそう簡単に言わないでおくれ風のささやき　耳障りだ僕のことなんも知らないくせにふざけんなティファニーブルーの空の下追い続けている馬鹿な夢手に届きそうで届かないなあもう少しだけ頑張ってみるさ僕の居場所はどこだい
0,君がいない夜を越えられやしない,君を抱いた夜は眠れないよキスをしていたいなあ胸のやわらかさとか吐息とか耳にまだくらいついてるから足を絡めて探りあてる心地良い二人の触れる場所もう君がいない夜を越えられやしない朝の眩しい青い空と脱ぎ捨てられた下着が光る日々がずっとずっと続けばいいなあ背中合わせながら夢を語るどんな顔してるのかな今すぐ抱きしめてこのまま二日ほどこのままでいたい好きすぎる事が嫌になる嫌われることを恐れてるもう君がいない夜を越えられやしない目を閉じるのは簡単だけどさ瞼の裏はもう飽きるほどにずっとずっと君を映しているよもう君がいない夜を越えられやしない目を閉じるのは簡単だけどさ瞼の下はもう寝不足だよどうかずっとずっとそばにいてよもう君がいない夜を越えられやしない朝の眩しい青い空と脱ぎ捨てられた下着が光る日々がずっとずっと続けばいいなあ
0,君はロックを聴かない,少し寂しそうな君にこんな歌を聴かせよう手を叩く合図雑なサプライズ僕なりの精一杯埃まみれ ドーナツ盤にはあの日の夢が踊る真面目に針を落とす息を止めすぎたぜさあ腰を下ろしてよフツフツと鳴り出す青春の音乾いたメロディで踊ろうよ君はロックなんか聴かないと思いながら少しでも僕に近づいてほしくてロックなんか聴かないと思うけれども僕はこんな歌であんな歌で恋を乗り越えてきた僕の心臓のBPMは190になったぞ君は気づくのかい？なぜ今笑うんだい？嘘みたいに泳ぐ目ダラダラと流れる青春の音乾いたメロディは止まないぜ君はロックなんか聴かないと思いながらあと少し僕に近づいてほしくてロックなんか聴かないと思うけれども僕はこんな歌であんな歌で恋に焦がれてきたんだ君がロックなんか聴かないこと知ってるけど恋人のように寄り添ってほしくてロックなんか聴かないと思うけれども僕はこんな歌であんな歌でまた胸が痛いんだ君はロックなんか聴かないと思いながら少しでも僕に近づいてほしくてロックなんか聴かないと思うけれども僕はこんな歌であんな歌で恋を乗り越えてきた
0,今日の芸術,ポラロイドカメラを手にした高校卒業の春に嫌いな人と縁を切りこれでバンザイハッピーエンドだぜララバイ猫じゃらしで遊ぶように筆をタクトのように振る好きな人をわざと傷つけできたものが感動を産んだ見たもの全てに頷いて見たもの全てを批判せよ爆発を起こす線を切るそれは　赤か　白か　イエローか後ろ指さされたらその手に花束を持たせてやれ今日も芸術だ期待なんてしてないさそんなものすり潰して液体にする“良い事をした”と思えばそれはもう優しさじゃない言葉は鋭い刃になれば歴史を動かすものになる爆発的な歌を歌おうそれは愛か　我か　友情か目の前にあるキャンパスに何も描かなくてもいいそれも芸術だ上手くいきすぎる恋愛なんて燃え上りもしないだろう地獄のような修羅場があるから生々しく愛しあう山あり谷ありの人生の方が山にも谷にも行けるだろ絵の具がそろってちゃ面白くないだろ見たもの全てに頷いて見たもの全てを批判せよ爆発を起こす線を切るそれは　赤か　白か　イエローか後ろ指さされたらその手に花束を持たせてやれ今日も芸術だ今日も芸術だ今日も芸術だ
0,GOOD NIGHT BABY,さよならの後が心地いいようにキスはしないでおこう?2人きりだけどさよならの後に会いたくなるようにキスは我慢しておこう「グッドなナイトにしなよ ベイベー」と 吐き捨てたくせに恋しくなるのは僕さ息切らし走る 君が手を振る今日が終わっていくほら もう君に会いたくて恋しくてこのまま走り始めたスタート地点に戻って後ろ姿の君を見るだけでもいいのさ愛してる人の後ろ姿にまた恋するのさベイベー街を歩こうかどこまでいこうか耳にタコな話して2人きりでどうだ落ち着け落ち着け冷静を装ってキスは我慢しておこう「グッドなナイトにしたいよ 今日は 」と 吐き捨てたかったでも体は馬鹿正直だ息を呑み歩く 君は笑ってる時間が止まりそうだほら もう君に触れたくて恋しくてこのまま手を引き寄せても良いかななんて考える後ろ姿の君が手を振り笑う君が愛しい人だと強く頷いた君が好きだこれからの僕らの未来に期待したい いつか叶えたい夢ばかりの今をとりあえず君と過ごしたいほら　もう君の横顔が恋しくてこのまま抱きしめた勢いで...なんて考える後ろ姿の君が手を振り笑う君が愛しい人なんだまだまだずっとこれからもずっとずっと大切さほらもう君に会いたくて恋しくて このまま走り始めたスタート地点に戻って後ろ姿の君を見るだけでもいいのさ愛してる人の後ろ姿にまた恋するのさベイベーGOOD NIGHT BABY
0,鯉,逃がした魚が大きいと私の心もすっかりぽっかり馬鹿でかい穴が空くよ魅力的だと言ったでしょ？私のこの眼をじゃあ見つめてみて眼で確かめてねねぇ　ね。街角で彷徨うシンデレラもうそう思うしかない行ったり来たりのハイヒール折れてしまうわ耳をすませばワンコール少しの光がキラキラと私の前に現れるのを待っちゃってますなれない　なれないあなたのものにはなれないいらない　いらないそんなヤケクソなんてああ　ジーザス　こんな結末を誰が予想しましたかああ　結局私がチョロいと思われて完結、ああ最低なフライデーすり抜けてなんとか過ごしてるああ　言いたいこと聞きたい事を抱えながら待っちゃってますなれない　なれないあなたのものにはなれないいらない　いらないこんなヤケクソなんてああ　ジーザス　こんな結末に望み一欠片もないのああ　結局私がチョロいの思われて当然、ああなれない　なれないあなたのものにはなれないいらない　いらないそんなヤケクソなんてああ　ジーザス　こんな結末を誰が予想しましたかああ　結局私がチョロいと思われて完結ああ　ジーザス　こんな結末に望み一欠片ないの結局　私がチョロいの思われて当然、ああ
0,恋をしたから,忘れられないものなどなくて譲りきれない思い出ばかりでいい加減に諦めなさいなんて簡単に言わないで夕方の匂いが苦しくて夕飯も喉を通らなくってね絵に描いたようにほら私ほんと簡単に泣いている恋をしたから空が綺麗と思えた恋をしたから明日が大好きだった恋をしたから貴方を知れた当たり前なんてものはなくていつか失うこともあるわけでその上で貴方を見つけたこと運命に感じていたよさらに言えば私は貴方を貴方が思う以上に大好きで好きで　好きで　好きで今　とても　辛いのです恋をしたから空が寂しく思えた恋をしたから明日が少し怖かった恋をしたから恋をしたから覚めないでほしい夢も見たわ1人歩く影に貴方を求めた寂しさも苦しさも恋しさも愛しさも全て恋をしたから恋をしたから忘れられないものなどなくて譲りきれない思い出ばかりで当たり前なんてものはなくていつか失うこともあるわけで
0,今夜このまま,苦いようで甘いようなこの泡にくぐらせる想いが弾ける体は言う事を聞かない「いかないで」って走ってゆければいいのに広いようで狭いようなこの場所は言いたい事も喉に詰まる体が帰りたいと嘆く「いかないで」って叫んでくれる人がいればなぁ抜け出せない抜けきれないよくある話じゃ終われない簡単に冷める気もないからとりあえずアレ下さい消えない想いは軽く火照らせて飛ばして指先から始まる何かに期待して泳いでく　溺れてく今夜はこのまま泡の中で眠れたらなぁだんだん息もできなくなって心の壁も穴だらけで制御不能　結構不幸？自暴自棄　です。そんなに多くはいらないから幸せの横棒ひとつくらいで満たされたい　満たしてみたい乱されたい　会いたいいつかの誰かにやるせないやりきれないよくある話じゃ終われない簡単に辞める気もないからとりあえずアレ下さい言えない想いは軽く飲み込んで　隠しちゃって鼻の先に取り付いた本音に油断して抱かれてく　騙されてく今夜の夜風に吹かれながら　揺れながらねぇ　もう　帰ろう　帰ろう影も　もう　ねぇ　薄くなって結局　味のない　味気のない夜が眠る癒えない想いが加速するばかりなんだ止められない放たれてく　夜になる私はこのまま消えない想いは軽く火照らせて飛ばして指先から始まる何かに期待して泳いでく　溺れてく今夜はこのまま泡の中で眠れたらなぁ誰かの腕の中で甘い夢を見ながら眠れたらなぁ
0,桜が降る夜は,「4月の夜はまだ少し肌寒いね」そう語り合う　微妙な距離の2人どこかで聞いた噂話に悩まされて危険な道ほど進みたくなる私だけど声に乗せたい気持ちが冷たい風に流されざわつく川沿いをなぞり歩く桜が降る夜は貴方に会いたい、と思いますどうして？と聞かれても分からないのが恋でこの体ごと貴方に恋してるそれだけは分かるのです4月の夜に2人はもう会えないかな遠くに見える貴方はまるで知らない誰か真面目な顔は好きだけど今は見たくない新しい色に染まるのは桜だけでいいだけどいつかは散ってしまうといい加減に気づきますでも貴方の心に雨は降らないで？寂しい夜を1人桜の花がヒラリ、踊ってる私の味方をしてよ心から思うこと今伝えるべきなのか考えている間に春は終わる桜が降る夜は貴方に会いたい、と思いますどうして？と聞かれても分からないのが恋でこの体ごと貴方に恋してるそれだけは分かるのです
0,さよならの今日に,泥まみれの過去が纏わりつく日々だ鈍くなった足でゴールのない山を登る恋い焦がれたこと夢に起きてまた夢見たことこれまでを切り取るように頭の中を巡る明日が来ることは解る昨日が戻らないのも知ってるできれば　やり直したいけれど切り捨てた何かで今があるなら「もう一度」だなんてそんな我儘　言わないでおくけどなそれでもどこかで今も求めているものがある不滅のロックスター永遠のキングは明日をどう生きただろうか傷だらけの空がやけに染みていく今日鈍くなった足で河川敷をなぞり歩く涙がでることは解る気持ちが戻らないのも知ってるそれなら　辞めてしまいたいけれど残された何かで今が変わるなら「もう一度」だなんてそんな情けは言わないでおくけどなそれでもどこかで今も望んでいる事がある伝説のプロボクサー謎に満ちたあいつは明日をどう乗り越えたかな吹く風にまかせ目を閉じて踊れ甘いカクテル色の空を仰げそんな声が聞こえる切り捨てた何かを拾い集めてももう二度と戻る事はないと解っているのにな切り捨てた何かで今があるなら「もう一度」だなんてそんな我儘　言わないでおくけどなそれでもどこかで今も求めているものがある不滅のロックスター永遠のキングは明日をどう生きただろうか伝説のプロボクサー謎に満ちたあいつは明日をどう乗り越えたかな
0,幸せになりたい,貴方は私のために命を投げ出せるの？　イエス　オア　ノー私のためならなんだってするんでしょ？ねえ　それなら　今針を飲める？上から目線の女だって思っている？　イエス　オア　ノーあんたみたいな奴に付き合ってあげてんのよねえ　本気ならちょっと聞いて私だって誰かに愛されたいの尽くされたいのひとりぼっち　そうひとりぼっち今は少し辛いの男に騙され捨てられ泣いて　痣をいくつも作ったわ幸せばかりの恋はない　そう分かってるけど貴方は私の好きなところを言えるの　イエス　オア　ノー私にだって良いとこくらいあるでしょ？ねえ　おねがい　答えて私はね今まで愛しすぎたの尽くしすぎたの追いかけて　すがりついて　惨めだって思うわ恋をしては傷つき憎んだり　いい思い出は最初だけ親にだって心配もかけてる　大丈夫が口癖私それでも恋をやめれない　女の執念深さよ私だって幸せになれるはず　思うくらいはいいでしょ？男に騙され捨てられ泣いて　痣をいくつも作ったわ幸せばかりの恋はない　そう分かってるけど
0,シガレット,あの頃より好きな人に出会うまでにどれくらいのお金と身体と時間があればいいですかありきたりに傷ついては出会い頭でまたつまずくありがと　ごめんね　さよならもういいから出来損ない出来そうもない忘れることウソもやめることふんわり落ちてく煙とその苦笑いに手を振ってやっぱり落ち着く香りにもう仕方なく身体を埋めるのです夏が過ぎ空はまどろみ寝落ちする　すぐに夢みるお金と身体と時間を持て余す出来損ない出来そうもない楽しむこと仕事やめることうっかり落ちてく地獄にふと吸い込まれて　つい転んで納得いかない全てにもう仕方なく身体を投げやるのです味わいましょう苦味も旨味も涙も笑いも吸い込みましょうあの感触もあの声もふんわり落ちてく煙とその苦笑いに手を振ってやっぱり落ち着く香りにもう仕方なく身体を埋めるのですシガレット　空に蒔くあとちょっと　空に泣く
0,ジェニファー,今にもちぎれそうな雲はまるで僕たちのようだねバランスのとれない2人はいつも曖昧で心の奥じゃ今日も不安定夢でも見れたらいいけどクスクスと笑うのはどいつだい？そこにいるのかい？さよならは言わないでジェニファー今もまだ覚えてる君の胸の中でもいつか思い出してほしいよ近所の犬が鳴いたベルで当たり前の朝が来たよバランスのとれない体がまた吸い込まれる約束を果たそうよジェニファー今もまだ覚えてる君の胸の中ではそうか消えそうに揺れるのかいどうか忘れないでいてちぎれそうな雲は明日になれば繋がるだろうジェニファー会いたいんださよならは言わないでジェニファー今もまだ覚えてる君の胸の中でもいつか思い出してほしいよ約束を果たそうよジェニファー今もまだ覚えてる君の胸の中ではそうか消えそうに揺れるのかい
0,19歳になりたくない,明日になれば私何か変わっちゃうかなどうにもこうにも　想像がつかない小中高と進んで　逃げ方も覚えた自殺者を笑い　その勇気に拍手してカメラを片手に　ギターを背負い人の話さえも　かすんでく手放したもの　偽物だったからもう　いらない　必要ない大人になるたびに夢見てばかりの自分が嫌になり数えられるほどの痛みと苦しみでかき消すんだ現実逃避を　繰り返す日々は思えば楽だった　最高の友達でした18の今言えることは一つあの日の記憶は消えますか手に取れる物　それは全て欲しいけど　今で十分な気がする大人になるたびに見たくないものを見ては　泣いちゃうし本当の自分に気づくことは少し怖いんだ18の今思うことが一つ何故人は減る命に祝いを捧げるの強くはなりたい　でも弱くもありたい私のままでいたい思い出せないもの　どこかに忘れてしまった宝物一度握った手も　知らぬ間に離れてしまったんだ大人になるたびに見たくないものを見ては　泣いちゃうし本当の自分に気づくことは少し怖いんだ
0,好きって言ってよ,みどりのマルボロを手に　どこにゆくの私の涙を背に　どこにゆくの荷物をまとめた午後　彼はいない浮気相手のあの子　彼を返して痛い目を見るわきっと私から　彼を取った罰が降りる浅草の河童横丁で仕入れた包丁切れ味は最高だわ、可愛いお皿も買ったんだよ真夜中に会いたくなり　彼のもとへ私が突然抱きつき　彼は泣いているほらやっぱり私のこと　好きなんでしょ後悔してるよねきっと浅草に立ち並ぶお店に入ったの木の良い匂いがした明日には味わえるからね貴方が悪い　貴方が悪い貴方が悪い　貴方が貴方が謝らないかぎり私はあの子を狙い続ける死体が二つにならないといいね　だから好きって言って好きって言って好きって言ってよ好きって…好きって言ってよ
0,スーパーガール,さりげない君のサインにも気付けない僕は尖った台詞で君を斬りつけたりしているんだそれでも君の世界とは離れがたい僕は矛盾と理屈で君を締め付けている悲壮感や憂鬱も君の身体の中へ押し込んでしまう僕だよ情が湧いて捨てられないなら最後まで君はスーパーガール未だ僕の心や眼を狂わせてスーパーガール　今や僕を支配しているんだぜ知らなかったろ誰もが理解できないと笑うよ僕の曲がった思想や彼女の姿勢もだけども僕も幸せとは言い難い慣れてしまった系譜で日々を過ごしているんだ罪悪感や重圧も2人の汗で流して潰してしまうから見えない都合よくて笑えちゃうのは最初から君はスーパーガール未だ僕の身体や指先誘導してスーパーガール今は僕の上で踊っている知りすぎちゃったなぁきっと君からは永遠に忘れられずに寄り添って意味のないないない愛もないないないだけど最後まで君はスーパーガール未だ僕の心や眼を狂わせてスーパーガール　今や僕を支配しているんだぜ知らなかったろ
0,青春と青春と青春,夢を見た 君と恋をする夢を塩辛い風が吹く場所で手を繋いでさ砂浜に足がのまれすぎてまるで二人は駆け落ちして親から逃げてるようだ暑苦しい僕と「楽しいね。」って汗を拭う君は蜃気楼か青春が夏風にのって君を連れてきたんだろうなカレーライスの匂いなんかで誰かを愛おしく思う夏に恋をしたくなるんだろうなきっと花火とか金魚のせいだ嗚呼 今日も夢を見る夏期講習の憂鬱さとは裏腹に君がスイミングスクールの日たまに会える嬉しさがある電車の中腰を丸めて文庫本を読む姿が本当神秘的でつり革にぶら下がりたい気分さなびかせる髪はきっとこのやらかい海と似合うだろうな夏風が青春と一緒に君を連れて来たんだろうかノースリーブにポニーテールは僕の口先がとんがってしまう生ぬるい味の空気がより心臓を早く走らせて嗚呼 これは恋さ扇風機の音がどうもわからないけれど僕をせかす熱すぎるコンクリートには何度”好き”と書いても蒸発して図書館でほら小さな声で話したりもしたいんだよな青春が夏風にのって君を連れてきたんだろうなカレーライスの匂いなんかで誰かを愛おしく思う夏に恋をしたくなるんだろうなきっと花火とか金魚のせいだ嗚呼 今日も夢を見る嗚呼　これは恋さ
0,空の青さを知る人よ,全然好きじゃなかったホラー映画とキャラメル味のキス全然好きになれなかったそれなのにね今は悲鳴をあげながら君の横顔を探している空虚な心の落とし穴暗すぎてなにも見えない根拠なんて一つもないのにさ身体が走り出してく赤く染まった空から溢れ出すシャワーに打たれて流れ出す　浮かび上がる一番弱い自分の影青く滲んだ思い出隠せないのはもう一度同じ日々を求めているから全然好きじゃなかったほら、あの呼び方　漫画の主人公みたいで全然好きになれなかったんだそれなのにね今も似た言葉に身体が動くよ皮肉な思い出なのさ何回も右往左往してみても暗すぎて何も見えないそうかい　まだ隠れているのかい飛び出しておいで　メモリー高く掲げた掌届く気がしたんだ確かに回り出す　襲いかかる悪魔の顔をした奴らが会いたい人に会えないそんな悪夢を雲に変えて　食べてやるよ悲しくなるからいつも　いつも　いつも　いつも君が　君が　君が　君が最初に　いなくなってしまうなんで　なんで　なんで　なんで僕に　僕に　僕に　僕にさよならも言わずに空になったの？赤く染まった空から溢れ出すシャワーに打たれて流れ出す　浮かび上がる一番弱い自分の影青く滲んだ思い出隠せないのはもう一度同じ日々を求めているから君が知っている空の青さを知りたいから追いかけている追いかけている届け
0,そんな風に生きている,その気になれば私だって不幸みたいな顔はできるそれでよければいつだっていつだってそうしてみせるわそんなことで救われるなら早いことプライドも捨てたそれでよければいつだっていつだってどん底に落ちた女のふりして適当に頭を撫でられ食べていくそんな可愛そうな目で私を見ないでいて生きてゆく術は人それぞれだから　私はいつも風まかせそんな風に生きてる私はいつも運まかせそんな風に生きてるそんな風に乗ってるそんな風に生きてく
0,黄昏にバカ話をしたあの日を思い出す時を,愛は全てを解決しない金があれば何でもできるかもしれない余裕のある生き方がしたいでも鐘のなる方へは行かないぞ高いものに目は眩むけれど安っぽいものを最後まで信じてみたい余裕のある人はかっこいいでも余裕のない人生は燃えるそうやって自分を奮い立たせることも負けず嫌いも生まれつきだからもっと刺激を　もっと混乱を　もっと人生を黄昏にバカ話をしたあの日を思い出す時を愛は全てを解決しない金があれば何でもできるかもしれない余裕のある生き方がしたいしたいしたいでも鐘のなる方へは行かないぞそうやって自分を奮い立たせることも負けず嫌いも生まれつきだからもっと刺激を　もっと混乱を　もっと人生を黄昏にバカ話をしたあの日を思い出す時を優しさに惑わされてふらついたあの日を思い出す時をあの歌に　涙流し　震えたあの日を思い出す時を
0,チカ,A.P.C. の黒い財布なくしてしまって海へダイブ嘘を見破ってよダーリン現実逃避の小旅行のぞいて心の奥の内部たぶん汚れてるかもねだいぶ嘘を見破ってよダーリンこのままじゃ私きっとすぐ帰れないあなたの為にもう尽くせないわ笑って見過ごしたあなたのせいだわもしも　2人の最後が今日だとしたならあと少しほんの少しだけ求めていて欲しかった、な。退屈だこんなライフ胸にしまい込んでいるナイフだから嫌われるのわかってる知ってる　レッテル　貼られてるああ　私こんなはずじゃなかった「幸せになる」少女の頃の夢A.P.C. の黒い財布なくしてしまった事は本当でも嘘を見破ってよダーリン平気な涙なんてないだからきっとすぐ帰れないあなたの為にもう尽くせないわ笑って見過ごしたあなたのせいだわもしも　2人の最後が今日だとしたならあと少しほんの少しだけ求めていて欲しかった、な。女は別れが近づくほど可愛くなって綺麗になるのだから今のうちに会っておいてよメモ書きは残しておいたでしょ後ろ髪を引かれる思いで2人がまた惹きあったのなら「幸せになる」少女の頃の夢をあなたに叶えて欲しい
0,強がりました,あたしを捨てたあなたは馬鹿であなたを諦めたあたしはアホ二人は完璧なはずだった幸せに頷いた夜もあったいつからか互いの間にできた壁目の前には黒と白の分かれ道手を取り歩いていたのはとうの昔　あの時は睨みあったあぁ　あなたを愛してたなんて嘘だと言いたいもう後悔してないけど選ばなかった道の運命も悪くなかったのかな先走りすぎた気持ちは当然あなたを苦しめたことでしょう二人は完璧に忘れてた本当の幸せを忘れてた通りすぎた過去の記憶に泣かされて目の前には片付きすぎた部屋強がりはやっぱり損ね傷つくこと知ってて言葉を吐いたあぁ　あなたを愛してた本当嘘なんかじゃないもう後悔ばかりの日々なにもなかったように現れてほしいあぁ　あなたを手放した日から心は荒んでもう二度とは強がらないからまた私と恋をしてほしいあぁ　あなたを愛してたなんて嘘だと言いたいもう後悔してないけど選ばなかった道の運命も悪くなかったのあぁ　あなたを愛してた本当嘘なんかじゃないもう後悔ばかりの日々なにもなかったように現れてほしい
0,テレパしい,言葉にしなくたって通じ合える2人になろうやぶれかぶれになってぶつかり合う日々をやめようもしも2人がディスティニーだったらきっとできるはず　きっとそのはずテレパしい　テレパしい言葉にすることで傷つき傷つけるなら目と目と心でどうにか乗り切ってみよう言葉にすることは難しいいつになっても抱きしめて分かり合えるならそれがいいもしも2人がディスティニーだったらきっとできるはず　きっとそのはずテレパしい　テレパしい「言葉にしてほしい」って君が泣いたりすると少し今のままで良いのかな？と少し苦しくなる言葉にすることで傷つき傷つけるのなら目と目と心でどうにか乗り切ってみようもしも2人がディスティニーだったらきっとできるはず　きっとそのはずもしも2人のシンパシーがずっと一緒だったら伝わるはず　きっとそのはずテレパしい　テレパしい　テレパしい言葉にしなくたって通じ合える2人になろうでも言葉で伝わる何かがあることも知ったよ
0,どうせ死ぬなら,私が死んだらお墓にゲルニカを入れてジョンレノンのあの曲を聴きながら逝きたい太宰治のあの言葉を卒塔婆に刻んで南無阿弥陀仏は唱えないでHAPPYを歌ってそれなら私も来世が楽しみになるきっとスタジオジブリで助手をしてるのよどうせ死ぬなら二度寝で死にたいわ欲を言えば　父ちゃんと母ちゃんに挟まれて誰かを愛した証を私の胸に張ってよくできましたと手を添えて私が死ぬ前　皆に私の好きなとこ聞き出して自分のこと好きになって　逝きたいメーソン・クーリーのあの言葉を遺言に選んで太陽の塔の上でHAPPYを叫びたい棺桶蹴飛ばし怒るの　閉所恐怖症なのだからみんなで胴上げをしてよ高く高くどうせ死ぬなら　死にそうなくらいデカい声で感謝とか嫌いとか好きだったとか伝えるの私は実は白雪姫だったのよ　嘘をついて魔法をかけられたように眠るの涙をながしながら　笑って見送って欲しい無理やり私の大好きな俳優を連れてきてよでも私が殺されて死んだら　いつか　引きずってやる地獄よりも深い場所で　血まみれの米を食えばいいどうせ死ぬなら　派手に粋にどうせ死ぬなら　ダメもとの告白もするどうせ死ぬなら　死んでしまうなら裸で町中を走るわ好きな人の唇奪う黙ってた秘密も言っちゃうわ綺麗さっぱりでさよならどちらかと言えば死にたくないわあらかじめ　人生のタイムアップを教えてどうせ死ぬなら二度寝で死にたいわ欲を言えば　父ちゃんと母ちゃんに挟まれて誰かを愛した証を私の胸に張ってよくできましたと手を添えて
0,泥だんごの天才いたよね,雑誌の切り抜きのような少女はチュッパチャプスを加えて気取っているさでかめのサングラスはきっと使い方を知らない隣には嫌な目をした奴と大口叩く大物気取り「どうよ私らイケてるでしょ」と言わんばかりの顔を見せる明らかに小学三年生茶髪の髪を揺らしランドセル背負う姿は可愛げのない高校生のようだ隣には顔しかめる教師とそれに楯突くモンスターペアレント 何が何だかいつからこれが普通になってしまったのだろう決められた将来があるなんて窮屈してるなあ小さな頃から気取ってばかりいること教えてほしくないのさ服を汚して　髪にガムつけて　泥だんごを作ろう電車に座り込むセーラー服パンツギリギリに風が吹く中年親父に「こっち見んな」と野次を飛ばし笑うドンキにたかる若者集団夜間限定で「最強」と名乗る昼間は親にペコペコしちゃっていい子ちゃんをしてんのだろう家で素直になれないなんてどうかしてるなあ若いうちに教えてあげられること伝えてほしいだから、目をそらさずに　決して怒らずに　声をかけてあげよう戦争の話をしてあげよう地震の話をしてあげようお金の話をしてあげよう人生の話をしてあげよう何も知らずに誰かを傷つけて塞ぎこむ子が減るように目をそらさずに　決して怒らずに　声をかけてあげよう小さな頃から気取ってばかりいること教えてほしくないのさ服を汚して　髪にガムつけて　泥だんごを作ろう
0,ナウなヤングにバカウケするのは当たり前だのクラッ歌,ザギンで見かけたアベックの　女はパイオツカイデーだったなリーマン今日もよそよそしい　タイミング見計らってドロンギロッポンで久しく合コン　5人中3人アウトオブ眼中それに明日も早いもんで　お先にテクシーでアディオスするとまさかのあの女優にクリソツなちゃんねーロックオン「ヘイ彼女　お茶しない？」声をかけたら　キモイと言われたアイムソーリーヒゲソーリーこの街は　毎日エブリタイム誘惑ばっかさこの星は　いつもナウいを求めて古きよき言葉たちを忘れてしまうのだろうああ困ったちゃん今日は嫁の　ご機嫌が斜めでチョベリバ許してちょんまげ悪かった　ごめんごメンゴしてバイビーそんなバナナまさか浮気がバレてただなんておどろ木ももの木さんしょの木　インド人もびっくりですなエッチスケッチワンタッチこの街は　どこに行ってもカワイコチャンだらけこの星は　増やしすぎてるアイドルをおにゃんこには勝てないぞ　聖子ちゃんを知っているのか当たり前だのクラッカーアッと驚く為五郎モチのロンやったぜベイビー冗談はよしこちゃんおっとビックリ玉手箱きしょいキボンヌナンジャラホイ象が踏んでも壊れないちょっとタンマ　トゥギャザーしようぜこの街は　ホントにエブリデイおニューが産まれるこの星の　昔は今よりイケイケさ知りたければ　インターネットでジュリアナ東京を見てみなさいこの街は　毎日エブリタイム誘惑ばっかさこの星は　いつもナウいを求めて古きよき言葉たちを忘れてしまうのだろう忘れないで...忘れないでいてくれたらマンモスうれぴー
0,猫(2018.10.7 Live at 上野恩賜公園 野外ステージ),夕焼けが燃えてこの街ごと飲み込んでしまいそうな今日に僕は君を手放してしまった明日が不安だ　とても嫌だだからこの僕も一緒に飲み込んでしまえよ　夕焼けだけどもそうはいかないよな明日ってウザいほど来るよな眠たい夜になんだか笑っちゃう家まで帰ろう1人で帰ろう昨日のことなど幻だと思おう君の顔なんて忘れてやるさ馬鹿馬鹿しいだろ、そうだろ君がいなくなった日々もこのどうしようもない気だるさも心と体が喧嘩して頼りない僕は寝転んで猫になったんだよな君はいつかフラッと現れてくれ何気ない毎日を君色に染めておくれよ夕焼けが燃えてこの街ごと飲み込んでしまいそうな今日に僕は君を手放してしまった若すぎる僕らはまた1から出会うことは可能なのかな願うだけ無駄ならもうダメだ家までつくのが　こんなにも嫌だ歩くスピードは君が隣にいる時のまんま想い出巡らせがんじがらめのため息ばっか馬鹿にしろよ、笑えよ君がいなくなった日々は面白いくらいにつまらない全力で忘れようとするけど全身で君を求めてる猫になったんだよな君はいつかまたあの声を聞かせてよ矛盾ばっかで無茶苦茶な僕を慰めてほしい君がいなくなった日々もこのどうしようもない気だるさも心と体が喧嘩して頼りない僕は寝転んで猫になったんだよな君はいつかフラッと現れてくれ何気ない毎日を君色に染めておくれよ君がもし捨て猫だったらこの腕の中で抱きしめるよケガしてるならその傷拭うし精一杯の温もりをあげる会いたいんだ忘れられない猫になってでも現れてほしいいつか君がフラッと現れて僕はまた、幸せで
0,裸の心,いったいこのままいつまで1人でいるつもりだろうだんだん自分を憎んだり誰かを羨んだりいつかいつかと言い聞かせながら今日まで沢山愛してきたそして今もこの恋が実りますように少しだけ少しだけそう思わせて今、私　恋をしている裸の心　抱えてバイバイ愛しの思い出と私の夢見がちな憧れ優しくなれたよ　少しね強くもなれたみたいどんな未来も受け止めてきたの今まで沢山夜を越えたそして今もこの恋の行く先なんて分からない　分からないただ想いを今、私　伝えに行くから裸の心　受けとめて恋なんてしなきゃよかったとあの時も　あの夜も思っていたの今、私　また恋をしている裸の心　震わせてこの恋が実りますように少しだけ少しだけそう思わせて今、私　恋をしている裸の心　抱えて
0,ハッピー,"Hey, are you happy now？問いかけてみたけれどYou　黙ったままで目を閉じているんだものHey, you. I really love you.言わなくても分かるかな？Kiss　キスがしたいわその白く柔らかい頬に私の顔を覚えているかな何度も泣いたの　見えてるかな白い花をそっと添えるから私の涙も一緒に連れていってねぇ、今とても退屈じゃない？そんなところにいるんだものSorry　笑わせてよ人は本当にあっけないよね生まれた時からこの時が来ることは決まっていたのに　必死に愛し合った白い花をそっと添えるから私の涙も一緒に連れていって白い花に包まれたあなたはまるで　天使のように　高く舞い上がるの白い花をそっと添えるから私の涙も一緒に連れていって一緒に連れていって"
0,ハルノヒ,北千住駅のプラットホーム銀色の改札思い出話と 想い出ふかし腰掛けたベンチで僕らは何も見えない未来を誓い合った寒さにこらえた木々と猫がまるで僕らのことで蕾を咲かせようと実を揺らしてる素敵に笑っている焦らないでいいいつか花束になっておくれよそれまで待っていてねこれからの展開をふたりで飽きるまで過ごしてみるからね最低限の愛を伝えながらどんな未来がこちらを覗いてるかな君の強さと僕の弱さをわけ合えばどんな凄いことが起きるかな？ほら もうこんなにも幸せいつかはひとり いつかはふたり大切を増やしていこう北千住駅をフワっと歩く藍色のスカートいつになく遠く遠くに見える加速する足音素直じゃないといけないような気がしたよ優しさに甘えすぎて怯えすぎた男の背中に掌を添えてくれるのはもう前を歩く君じゃなきゃダメだからどうか未来がこちらに手を振ってほしい日々の辛さと僕の体がだらしなく帰る場所を探し続けているほら もうこんなにも夕焼けいつかの灯り思い出すとき大切に気づくのでしょう焦らないでいいいつか花束になっておくれよ僕らは何も見えない未来を誓い合ったどんな未来がこちらを覗いてるかな君の強さと僕の弱さをわけ合えばどんな凄いことが起きるかな？ほら もうこんなにも幸せいつかはひとり いつかはふたりいや もっと もっと大切を増やしていこう？住み慣れた駅のプラットホーム水色に挨拶「お帰りなさい」と小さく揺れる影を踏む幸せ
0,ハート,伝えることが難しいこと近くにいればいるほどなんだか胸が痛い眠たい夜に眠れないこと予測できない帰りを待ってる私がいるひとつになる度、期待すること近くにいればいつかは待ってる？柔い時間見過ぎた理想と笑われたこと私の隅で小さく高鳴ってる未来が泣くさようならは嫌わがままかしら？ただ貴方の、貴方の心を奪えたら...寒さに負けないようなぬくもりで貴方のことを温めてあげられる自信のある恋ばかりじゃないけれど私のこの眼に嘘がないこと解って欲しいきっと　これは恋の始まり伝えれば済むと分かってること「遠くに行かないでよ」って少し、胸が言いたい寝つけない夜に　暴れ出す鼓動私の中溢れ出す愛情で締め付けたいずっと笑っているのも起きてすぐ描くアイラインもただ貴方に、貴方に認めて欲しいから誰にも負けないようなぬくもりで貴方のことを抱きしめてあげられる自慢できるほどの恋はしたことがないけど私は貴方をたまに怒らせたりして優柔不断に泣いて貴方を困らせる天才だねでも、ふたり結ばれてから始まる恋もあるよ？だから　今日も　貴方を想ってる寒さに負けないようなぬくもりで貴方のこと温めてあげられる自信のある恋ばかりじゃないけれど私のこの眼に嘘がないこと解って欲しいきっとこれは恋の始まりきっとこれが恋の始まり
0,ひかりもの,だいたいのことでは傷ついてきた恋仕事生活家族や捨ててしまいたいと悩む事ばかりだよ繋ぎ止めたいと思うものばかりなんだよそりゃもっともっともっと私の身体が誰かにずっとぎゅっと触れていたなら心は優しくなれたかな身体は柔らかく温まってはじめよう　新しい何かを今つまらない事ではもう泣かないぞ橙色の空を眺めると少し胸の中に押し込んでいた思いが防波堤を飛び越えて流れてくるよ引く波に魂も吸い込まれただもっともっともっと私の心が大人であればいいの？嘘つきはどっちだよ優しい笑顔の裏側に知りたくもなかった顔がある忘れないぞ　あの日の悔しさをつまらない事ではもう傷つかない私の心の弱点を知らずに平気な顔して笑ってるから　泣きそうだなもっと気の利いた言葉で慰めてそうすれば少しは心は優しくなれたかな身体は柔らかく温まってはじめよう　新しい何かを今つまらない事ではもう泣かないぞ
0,漂白,10代のうちに人を何人愛せるかな私は今日も何かを求めてる従来のようにシミひとつ残さずに白く白く洗い流す心を優しい泡で洗い流すあの人は今もあの子を忘れられず白いお花を川に添える小さな嘘で誰かを傷つけたり人は必ず後悔するそれでも恋をしたいと思う好きになって嫌いになったりヤキモチ焼いたりキスしたりこの街で少し愛することを覚えたまた会いにきてね馬鹿馬鹿しいほどに私は恋をしていたわ消えないでいてねまだまだ知りたいことがあります10回のうちに何回当たりがあるかな私は今日も何かを求めてる心が優しい何かを求めてるあの子が好きだった赤いコートや忘れられない出会った場所この街が少し大切に思えたのまたここにきてねファインダー越しに見える笑った顔が好きでした私との秘密はこれからもずっと内緒ねあの日のようにそばにいたいのに出会い別れてしまうでしょうでもね、これはきっと奇跡なの恋したことキスの味　全てが物語だからきっとまた会いに来てね馬鹿馬鹿しいほどに私は恋をしていたわ消えないでいてねまだまだ知りたいことがありますどうしようもなく心が汚れた日はあの日を思い出して洗い流す心を優しい泡で洗い流す
0,二人だけの国,運命共同体同士ナンマイダナンマイダ現実逃避の最終回ナンマイダナンマイダ的確計画根拠はなくナンマイダナンマイダ有言実行あしからずナンマイダナンマイダ二人の国へ向かうため尽力致します許された二人だから今ここで赤く染まって抱きしめあうの深く深く刺さったまま溶けあいたいわ指を絡めきっとここが天国決定的瞬間の愛ナンマイダナンマイダ人生最大級の愛ナンマイダナンマイダ永遠の愛が叶うならそれで幸いです間違いなんて思ってないわこの人生これくらいの痛みなんてもう慣れているしはまりきって溺れきった指を絡めきっとここは二人だけの国二人だけの愛の国染まりきった色水が美しく揺れる国許された二人だから今ここで赤く染まって抱きしめあうの深く深く刺さったまま溶けあいたいわ指を絡めきっとここが天国決定的瞬間の愛人生最大級の愛
0,ふたりの世界,いってきますのキスおかえりなさいのハグおやすみなさいのキスまだ眠たくないのセックスお風呂からあがったら少し匂いを嗅がせてまだタバコは吸わないで赤いワインを飲もう悲しいだけならこんな恋はしてないあなたの声だったり笑い方が好きあまり優しくないし仕事ばかりだけれどこの前2人で見に行ったライオンの赤ちゃんいつになったら私のことを嫌いになってくれるかなそんなことばかり期待している私はちょっとズルいかなサヨナラって言わないでって言うくせにいつも私が「さよなら」を告げるのにね自己中心的に進む恋愛とこの先の不安が混ざり合って　抱き合って　今があるそれはFコードそれはGコードそれはDコード私が教えたギターは　今どんな感じ？私あなたがいつもコンビニで買うコーヒーは分かってたつもりなのに間違えちゃったことがショックで今日は寝れないみたいいつになったら私のことを嫌いになってくれるかなそんなことばかり考えている私はちょっとズルいかな大好きだって言えばいつも静かに頷いて「知ってる」って笑うのよそのシワシワな笑顔とかすれた声がある生活に満たされて　幸せで　今があるそばにいるだけで幸せだなんて私そんなこと今まで一度も思ったことないわでも勘違いしないで嫌いなわけじゃないのよ私だってよく分からないわなぜ泣いているのかいつになっても私のことを好きでいてほしいけどそんなワガママばかり言う私はちょっと　ズルいかなダメかな　嫌かなサヨナラって言わないでって言うくせにいつも私が「さよなら」を告げるのにね自己中心的に進む恋愛とこの先の不安が混ざり合って　抱き合って満たされて　幸せで大好きで　ちょっと嫌いで　今がある
0,from 四階の角部屋,後悔を5回ため息3回from 四階の角部屋失敗を2回涙を10回from 四階の角部屋言い聞かせましょうこうなったら自分に言い聞かせましょうこんなんだし常に始まった時から終わってる始まった時から悔やんでる始まった時からもう泣いてるこないだの1回されどあの1回from 四階の角部屋少しだけいいかい？触れてもいいかい？from クソ野郎の馬鹿野郎の手の中始まった時から終わってる始まった時から悔やんでる始まった時からもう泣いてるどうせ最後には生ゴミ同様捨てられてしまって腐って　臭くて　ダサくて「ちょっとまって」なんて言ったらどうする？殴る蹴る？それとも　もっかい　忘れたフリして、する？始まった時から終わってる始まった時から悔やんでる始まった時からもう泣いてる始まった時から理解ってる始まった時から理解してる始まった時からもう泣いてる後悔を5回ため息3回from 四階の角部屋失敗が1回それだけが心配from 四階の角部屋
0,プレゼント,こんなに近くに落ちている夢を次から次へと蹴飛ばしているやりたい事をやれない人達が次から次へと沈んでく「知らない」で誤魔化せる日々はきっと続かないからちょっとあなたにプレゼントあげるこうして誰かの胸に溢れそうな泉を作るよ少しでも傷ができたらきっと助けが来るシステムにしてあるよ幾千年も前からこうして涙を作っているサイズ違いのピースを拾いすぎて次から次へと捨ててしまう「やれる気がしない」と病んだ人達が次から次へと沈んでくしわくちゃでゴミのような日々はきっと続かないからそんなあなたにプレゼントあげるそうして誰かの胸に弾けそうなガラスを作るよ小さなトキメキにぶつかったら光る恋するボタンにしてあるよ幾千年も前からこうして愛を作っているその背中にはいつだって立ち上がれる呪文を一つその唇にはいつだって分け合えるような強さを二つ忘れない　忘れないようにね弱ったなら　参ったならあのプレゼント開けてもいいからねあなたのためだからこうして誰かの胸に溢れそうな泉を作るよ少しでも傷ができたらきっと助けが来るシステムにしてあるよ幾千年も前からこうして涙を作っている
0,ほろ酔い,古ぼけたスナックで一人洒落たカクテル飲み干してさまたお前のこと思い出すかき分けた前髪にぎりしめて知らない女にお前を重ね少しばかり滲む涙をぬぐいすすむ酒と時間に身を任せてほろ酔いは　俺を　ダメな男にするあの時もそうだったろう今日は酔いに酔ってお前を忘れさせてくれ行きつけの店で聞いたよお前結婚したんだってな幸せか？聞ける立場ではないがお前には幸せになってほしい若すぎたんだ許してくれよタバコはやめれず灰皿は溢れ酒と俺は気が合うらしいほろ酔いのままでいさせておくれよお前を抱きたい夜終わったことさ最低なままでいさせて浮気はしたさ　数えきれないほどお前を泣かせた痛かったろう　心傷ついてほろ酔いは俺を酷く無様にするあの時もそうだったろう今日は酔いに酔って酔いに酔って酔いに酔ってお前を忘れるのさほろ酔いは　俺を　ダメな男にするあの時もそうだったろう今日は酔いに酔ってお前を忘れさせてくれ
0,ポプリの葉,結局忘れられなかった香りを買いに渋谷へ簡単に自分の香りを捨ててしまうような女です普段はあまり行かないようなお店に入るのもいいねこの香りにたどり着くまでに本当に色々あったな馬鹿だって分かってる懲りてないよなまだだって　捨てきれない思い出があるよなもう一度　もう一度あの日に戻ってやり直したいなそしてこの香りとは結びつきたくなかった結局忘れられなかった香りを抱いて家に帰るこんなに小さな袋の中に2年前の私がいますハサミで封を切る溢れないようにひとつ残らず受け止める自分のためにひとつずつ　ひとつずつ蘇る思い出がフワリ落ちてゆくそうだった　そうでしたこんなにも好きだったなぁ涙は出ないけどあからさまに揺れる胸の中傷ついたくせにあの日傷ついたくせにもう一度　もう一度あの日に戻ってやり直したいなそしてこの香りとは結びつきたくなかった結局忘れられなかった香りの中で今日も眠る
0,マシマロ,こんな幸せできすぎているむしろ夢であれよ、と思う目の前にあるマシマロの丘チョコレイトで汚したい神様がいたんだな冴えないこの僕の身体にも真実はこれからだいざゆけ！愛の中を！心地よいリズムに乗って見たことのない大地を走る　走る野暮な考え思い描くよもはや夢に近い妄想で眠れる美女とマシマロの丘ある程度まで汚したい炭酸が弾けるよ脳みそのストローを辿って真実はこれからだいざゆけ！突撃だ！なまぬるい空気を吸い込んで見たことのない聖地を泳ぐ　泳ぐ首筋から強く伝わる熱すごい速さで分かる　僕ら心地よいリズムに乗って見たことのない大地を走るなまぬるい空気を吸い込んで見たことのない聖地を泳ぐ柔らかいマシマロ頬張って見たことのない大地を走る　走る
0,マトリョーシカ,あいつの全てを知り尽くし尻に敷いてしまいたいわ良い子のふりしたマトリョーシカ2つめの顔を見せましょうか遠回しすぎるセリフばっかでセルフな恋に飽き飽きしてそれでも好きとか言ってしまうこと恥ずかしいなんて思わなくなった近いうちに愛されるかな私、私キラキラに光る何かを追いかけて私はそれでも愛されなくて本当の自分を隠し続けてる私はいつでもマトリョーシカ寝る間を惜しんで書いた手紙もメイクも何もかもが無駄ね殻に閉じこもったマトリョーシカせめて神棚に添えて欲しいわよ近いうちに愛されるかな私、私キラキラに光る何かが欲しかった私は一度も愛されないの？本当のあなたも知らないままなの私はあなたのモノでしょうか？笑っているふりが得意になっちゃった2つめの顔には青い何かが流れている水たまりができて溢れちゃいそうだ溢れちゃいそうだ溢れちゃいそうだキラキラに光る何かを追いかけた私は本当に愛されたかったキラキラに光る何かを追いかけて私はそれでも愛されなくて本当の自分を隠し続けてる私はいつでもマトリョーシカ私はあなたのモノでしょうか？マトリョーシカ
0,真夏の夜の匂いがする,真夏の夜の匂いがする絵の具のソレと同じ香りさまざまな色恋も踊り出す今夜は私もその一人？真夏の夜の匂いがする私には分かる危険な香りいろいろな問題も溢れ出す今夜も帰路にて頭を冷やすもっと自由に　グラスを片手に人生を謳歌　人生を歌おうか「そんなことできたらなぁ」真夏の夜の匂いがする偉そうに睨む魔物がいる有耶無耶な地図で惑わされる迷子の迷子の子猫になるああ　気づけばほら踊らされる　クセになってる抜け出せない天国か　地獄か分からない道を行こう振り切って進んで行こう簡単じゃないからハマっていくんだろう恋も金も　この人生も根拠のない台詞に騙されたら最期最高の財宝がきっとここにあるはずフラつく脚が不思議とお菓子な家へ快楽へと　ご苦楽へと吸い込まれていくああ　気づけばほら脳味噌の中に溶けていくいとおかし天才か？真逆か？分からない未知の人ふざけんな　もうどうしよう完璧な答えが出ないまま行くんだろう愛の価値もこの人間もかと言って裏切れなかったんだ可も不可もなくここに立った真夏の夜の匂いが誘った私の身体「いらっしゃい」ほらまた聞こえた真夏の夜の匂いがする絵の具のソレと同じ香りさまざまな色恋も踊り出す今夜は私もその一人？今夜は私もその一人？今夜は私もその一人？天国か　地獄か分からない道を行こう振り切って進んで行こう簡単じゃないからハマっていくんだろう恋も金もこの人生も
0,マリーゴールド,風の強さがちょっと心を揺さぶりすぎて真面目に見つめた君が恋しいでんぐり返しの日々可哀想なふりをしてだらけてみたけど希望の光は目の前でずっと輝いている幸せだ麦わらの帽子の君が揺れたマリーゴールドに似てるあれは空がまだ青い夏のこと懐かしいと笑えたあの日の恋「もう離れないで」と泣きそうな目で見つめる君を雲のような優しさでそっとぎゅっと抱きしめて　抱きしめて　離さない本当の気持ち全部吐き出せるほど強くはないでも不思議なくらいに絶望は見えない目の奥にずっと写るシルエット大好きさ柔らかな肌を寄せあい少し冷たい空気を2人かみしめて歩く今日という日に何と名前をつけようかなんて話してああ　アイラブユーの言葉じゃ足りないからとキスして雲がまだ2人の影を残すからいつまでも　いつまでも　このまま遥か遠い場所にいても繋がっていたいなあ2人の想いが同じでありますように麦わらの帽子の君が揺れたマリーゴールドに似てるあれは空がまだ青い夏のこと懐かしいと笑えたあの日の恋「もう離れないで」と泣きそうな目で見つめる君を雲のような優しさでそっとぎゅっと抱きしめて離さないああ　アイラブユーの言葉じゃ足りないからとキスして雲がまだ2人の影を残すからいつまでも　いつまでも　このまま離さないいつまでも　いつまでも　離さない
0,○○ちゃん,私のこれまでの恋は　この強がりな性格が邪魔をして自分も傷つきさよならする　そしてまたハズレを引くお酒は大好きで悪酔いも少々　好きでもない男と寝たこともある早くに覚えすぎたタバコも　何度もやめようとは思ってる　もてないしこんな私もおとなになったそろそろ本当の愛を知りたいわ私のどこがダメですか？　可愛くなる努力は医者に頼っちゃったけど将来の夢はお嫁さん　誰か叶えてね妄想で出来あがる彼氏は　きっとこの世にいたら気持ち悪いだろう理想の高さは人一倍　夢見がちなのはわかってる口癖はいいことないかな　幸せのレベルはもう下げた今なら育ちすぎたこの胸で　誰かに愛を植え付けれるのにこんな私もおとなになって　いろんなことを覚えたわ私のどこがダメですか？　料理だって人並みにできるのに将来はきっといい女　誰かもらってね私のどこがいけないか　そんなの自分が一番に知ってる得意なことも趣味もない　おまけに勉強もできないけど私は立派な女なの　愛し愛されることを夢見るの私のどこがダメですか？　可愛くなる努力は医者に頼っちゃったけど将来の夢はお嫁さん　誰か叶えてね誰か迎えに来て
0,満月の夜なら,君のアイスクリームが溶けた口の中でほんのりほどけた甘い　甘い　甘い　ぬるくなったバニラ横たわる君の頬にはあどけないピンクと更には白い　深い　やばい　神秘の香りもしも　今僕が君に触れたならきっと止められない最後まで溶かして　燃やして　潤してあげたい次のステップは優しく教えるよ君とダンス　2人のチャンス夜は長いから繋いでいて　離れないでいてディープな世界　夜は魔界暗いルームではルールなんてない君のさりげない相槌だって僕は見逃さないイエスかノーかは別として君の声仕草が物語る心踊る　夜彩る　指が触れるもしも今2人の指先が強く絡み熱く離れないと分かったなら溶かして　燃やして　潤してあげたい次のステップは言わずもがな分かるでしょう君とダンス　2人のチャンス夜は長いから繋いでいて　焦らないでいて甘いアイスクリーム体温を上げる小さなスクリームがラブリー　耳元を狂わすよラブリー淡いルームライトピンクの頬が杏色に照らされてスパンコールのように弾けて溶かして　燃やして　潤してあげたい次のステップは優しく教えるよ君とダンス　2人のチャンス夜は長いから繋いでいて　離れないで溶かして　燃やして　潤してあげたい次のステップは言わずもがな分かるでしょう君とダンス　2人のチャンス夜は長いから繋いでいて　焦らないでいて
0,MIO,怖いよeveryday不安と孤独に怯えてる違うよmaybeただ自分ばっかって思ってるだけ子供騙しのような駆け引きはもうやめよう辛いのは5対5で嬉しいのも半分で二人でひとつになりたいのさ自分のことでいっぱいになるだけの恋なんて終わればいい終わらせてしまえばいいだけどそんなことが簡単に出来てしまう恋なんてしていないよ　したくはないよ昨日はlonely公園で泣いた寒い夜明日はbeside何もなかったように笑って欲しいあなたは会うたびに少しずつ変わっていったねちっぽけなことでさえも傷つき悩んで苦しいのお願いわかってよ自分のことでいっぱいになるだけの恋なんて終わればいい終わらせてしまえばいいだけどそんなことが簡単に出来てしまう恋なんてしていないよしたくはないよべつに優しさなんていらないよ君のことさまた目が泳ぐでしょ欲しいのはただひとつ　ただひとつ嘘偽りない愛自分のことでいっぱいになるだけの恋なんて辛いだけよ辛いだけなのそれでも「でも」の言葉がつきまとうなら自分の意志を貫いて好きでいるから好きでいてね
0,ミニスカートとハイライト,ミニスカートとハイライトイカした彼女のボーイフレンドが俺だったらいいのに俺だったらいいのになショートカットに赤い紅目が離せない彼女のボーイフレンドが俺だったらいいのに俺だったらいいのになはやくはやく彼女のあの唇に触れたいのだけれどいつもいつも邪魔をするあいつは誰だ？ミニスカートとハイライトイカした彼女のボーイフレンドが俺だったらいいのに俺だったらいいのにな電気ショックをうけたのさミステリアスな彼女のボーイフレンドは俺なんかじゃないらしい俺なんかではないらしい朝も夜も彼女の夢を見て抱きしめているのだけれどいつもいつも邪魔をするあいつの正体は？俺よりも先に彼女のあの魅力に気付いた奴良い趣味してる　仲良くなれそうだいまは無理だけれどミニスカートとハイライトイカした彼女のボーイフレンドが俺だったらいいのに俺だったらいいのにな
0,森のくまさん,初めてそうなった時の事を思い出して死にそうになってる薄っぺらかったよ全部すぐに破けてしまうくらいの薄さで繋がってた朝方乾いたファンデと口紅で更に抱き合った死ぬほど愛してる分厚い心でキスしてるそれくらいの覚悟がないとまた泣くことになるからねそれでもやっぱり苦しい　苦しい貴方という海に溺れている泳いでも　もがいても進まない　距離も関係も初めてブチギレた時の事を今更掘り返して死にそうになってる腹が立ってたのは事実それに悔しくてたまらなかった都合よく使われてそれからやっぱり悲しい　悲しい貴方という森で彷徨って歩いても　歳取っても進まない　この物語は諦めがつくような出会いがあれば私もすぐに乗り換えるかもしれないよ？こうして大嘘ばかりをついては何度も貴方を追いかけたわ叫んでも　転んじゃってもおかまいなしに離れてくああ　やっぱり苦しい　苦しい貴方という海に溺れている泳いでも　もがいても進まない　距離も関係も
0,夜行バス,ゆらゆらごとごと走ってゆく片道約８時間の旅暗くて何も見えないから鼻すすりながらかーちゃんにメールした夢を追うって　こんなにも怖いの？つらいの？さみしいの？揺れる揺れる箱の中でギターかかえて　イヤフォンをつけて涙こらえ聞いていたのは　大好きな五つの音ゆさゆさうとうと走っているまだあれから一時間とたってない狭くて身動きもとれないから目を閉じて明日を夢にみたんだ描いてたそれとは少し違ったんだ現実は悲しいの？揺れる揺れる箱の中でギターかかえて　イヤフォンをつけて涙こらえ聞いていたのは　大好きな五つの音夢を追うって　こんなにも怖いの？つらいの？さみしいの？揺れる揺れる箱の中でギターかかえて　イヤフォンをつけて涙こらえ聞いていたのは  大好きな　大好きな揺れる揺れる箱の中でギターかかえて　イヤフォンをつけて涙こらえ聞いていたのは　大好きな五つの音
0,夢追いベンガル,裏切ったはずのあいつが笑ってて裏切られた自分がこんなに不幸だああ　なんて　無様で皮肉なんだセックスばっかのお前らなんかより愛情求め生きてきてんのにああ　今日も愛されないだいたい普通でいたいはずなのに普通より上を求めちまうしさぁまあ、なんか　たまには　自分に優しく今日も貯金通帳は白いカモメだな適当にどっか飛んでっていいんだぜああ　今日も愛されないありったけの水をちょうだい白いカモメは海へ飛べデジタルも流行りもいらないよエロも今はいらない走る　走る　遠くの方へ体を投げ捨てて回る回る　平和も闇もとりあえず横に流せ明日になって　朝が来た時その時考えりゃいいどうせ暇だからあと5分寝かせてセックスピストルズ　の目覚ましがうるせーああ　なんか　目の奥に虫がいるなああ　史上最強の馬鹿になった気分だなんとでも言って笑ってくれてもいいそうだ　そうやって　燃やしてくれ欲しかったアレはもういらない丸焦げになれカモメベンガルを味方にいざ行こう気力は無駄にあるぜ走る　走る　遠くの方へこの脚振り上げて回る回る　目が回るくらい　この日々駆け抜けて明日になって　朝が来た時見えるものはなんだろう平成うまれのカリスマが溢れる世の中についてけない噂のバンドも気にならない今自分はどうかしてんのかなありったけの水をちょうだい白いカモメは海へ飛べデジタルも流行りもいらないよエロも今はいらない走る　走る　遠くの方へ体を投げ捨てて回る回る　平和も闇もとりあえず横に流せ明日になって　朝が来た時その時考えりゃいい今の自分がどうかしていたってその時考えりゃいい
0,ユラユラ,ブラインド越しに見える月を「見ながらしよう」と言った夜「綺麗だね」って私に最初に言って欲しかったのよフライング気味にキスをして「寒いでしょ？」と言って抱きしめて「大好きだよ」って　私に常々言って欲しくなったよ会えば会うほどに悲しくなってまたこうして離れられないだから今日も待っています身体冷やして待っていますユラユラ　揺れる月を見ながら“マインドコントロールされた”そう考えた方が楽だな「好きなんでしょ？」って私に聞くのはズルい　ズルすぎるでしょ耳元で咲いた気持ち良い言葉がまたこうして離れないよだから今日も帰ってきて心熱く溶け合いましょうユラユラ　燃えるロウソクのように会えば会うほどに悲しくなってまたこうして離れられないだから今日も待っています身体冷やして待っていますユラユラ　揺れる月を見ながら私　今日も待っていますこれが本当の恋じゃなくとも今は貴方を待っていますユラユラ　揺れる月を見ながら
0,ら、のはなし,君のいない世界で僕が生きるとすればそれはそれはとても居心地が悪いことだろう愛しい人のためならなんでもできるつもりさただそれは君がとなりにいてくれたら、の話だから。こんな歌気持ちが悪いだけだからああ 余裕を持って人を好きになれる人ってこの世にいるのかな君の持っているもの僕に少し下さいそれがきっとふたりを繋ぐ何かになるだろう愛しい人がこのまま誰かの愛しい人になるのを黙って見てるのは嫌だからって、話なんだけどさ。これってやっぱり気持ち悪いかなああ 理想なんてものは早いうちに捨ててしまうのが楽だろうな君との恋を望みながら誰かの不幸を願いつつあるよそんな僕の思いつきも結局は君がとなりにいてくれたら、の話だから。こんな歌気持ちが悪いだけだからああ 余裕を持って人を好きになれる人ってこの世にいるのかな
0,RING DING,ため息は酸素の無駄使いさどうせなら楽しい話をしよういい加減その態度やめてよね可愛い顔が台無しとか言う訳ないからね眠たい時はすぐに寝ちゃうのに泣きたい時はどうして強がるのプライドがあるとか言ってたけど一つ言わせて欲しいあのさプライドなんて似合わないし人間らしさ出していこうよ泣き顔見せたくないとか嘘つき泥棒のはじまり好きな人の前ではわんわん泣くくせにぶりっ子かよ今日はとりあえず家にいてだらだらしなよバカらしくなって気づけばお腹が減ってるだろう明日晴れても晴れなくてもどこか行こう指切りげんまん嘘ついたらぶん殴りに行くからさ無理に笑えとは言わないけど一緒にいて正直楽しくない言いたいこと悩みがあるのならなんでも聞いてあげるさだから陰口悪口どんとこい全部笑いに変えてあげるいちいち根暗になってうずくまってるとかうざいほっとけとか言うならまじでほっとくぞカッコつけんな今日はとりあえず家にいて映画でも観なよアホらしくなって気づけば眠りについてるだろう明日コロッと機嫌直して出てこいよ指切りげんまん嘘つくまえに会いに行ってあげるいいことを探しにいくよりも一緒にいれば割とどうでもよくなるさ「時の流れに身を任せ」ってよく言うでしょ「元気を出せよ」今日はとりあえず家にいてだらだらしなよバカらしくなって気づけばお腹が減ってるだろう明日晴れても晴れなくてもどこか行こう指切りげんまん嘘ついたらぶん殴りに行くからさ
0,分かってくれよ,君はケンカした夜に公園で泣いてるんだってね風の噂で聞いたよ　僕にどうしろって言うの？何も一人で泣くことないだろう僕に話してくれたらいいのに分かってくれよこんな僕をあまり考え込むのは好きじゃないんだ理解しておくれ　不器用な僕を君を好きなことには変わりはないんだ僕はいつもどこかで君の機嫌をうかがってるそんなことも 本当は　心の重荷になっているだけど本音は君には言えないほら僕らは似た者同士なんだ分かってくれよそんな君と二人ここまでこれたことは事実だろう顔をあげてくれ　お願いだよそんな目ですがられても何もできないから君を泣かせて　君を泣かすことばかりそれでも君は「すき」だと言うのだろう分かってくれよこんな僕を言葉で伝えるのが少し苦手なんだキスをすればほら伝わるかな僕の「すき」は君に伝わるかな
0,わかってない,あなたが知ってる私はどんな子？可愛くて優しい気の利いた良い子？私が思ってる2人の理想追い続けてる待ち続けてるいつまでも心に苦い種を撒き続けるのは嫌わかってないよ　全部あなたの頭の中でできあがった私でしかないよわかってない　わかってないわかってない気づいて欲しいことも愛して欲しいと抱きしめたい時もわかってないの全部　あなた私が知ってるあなたは本当に私を知らないそのくせキスする泣きそうになるわくじけそうになるわただ身を預けてあなたに抱かれるいつまでも心に痛い傷を持ち続けるのは嫌わかってないよ　全部あなたの理想なんかで作り上げた私でしかないよわかってない　わかってないわかってない満たされない体も本当は欲深い私のこともわかってないの全部　あなたわかってほしい　全部だって　今の私は嘘の私よ不安じゃない　寂しくない1人で大丈夫なわけがない自分の首をしめ続けあなたの理想の中で泳ぎ続けてる日々が怖いわかってないよ　全部あなたの頭の中でできあがった私でしかないよわかってない　わかってないわかってない気づいて欲しいことも愛して欲しいと抱きしめたい時もわかってないの全部　あなた
0,私に彼氏ができない理由,もうクリスマス　そんなの困ります私だって今年は愛する人とあの光をあの場所で見たいわ街に出れば　溢れてるカップルいきつけの喫茶店は予約でいっぱい幸せそうな顔に口が曲がるうらやましいな　楽しいんだろうなでも逃げ出したいな　この空間は少し照れくさい私に彼氏ができない理由は極度の人見知りと　好きな人に気づかない鈍感さかな？もうバレンタイン　誰かにあげたい私にも今年は愛する人が突然現れること願ってたのにこの季節にかぎって　ひと肌も恋しくなるでも自信がないの　今日もこたつにうずくまる私に彼氏ができない理由は理想の高さと　夢見がちな恋愛に憧れてるからかな？うらやましいな　楽しいんだろうなでも逃げ出したいな　この空間は少し照れくさいもし私に彼氏ができた冬休みは恋人の定番のデートコースを歩きたい私に彼氏ができない理由は極度の人見知りと　好きな人に気づかない鈍感さかな？そうかな
